地域区分－全国・都道府県・市区町村,延べ面積１ｍ2当たり家賃_住宅の家賃の平均_2_家賃０円を含まない_円,area_code,area_name,area_flag
01101_札幌市　中央区,1277,01101,札幌市　中央区,01
01102_札幌市　北区,1089,01102,札幌市　北区,02
01103_札幌市　東区,1008,01103,札幌市　東区,03
01104_札幌市　白石区,1095,01104,札幌市　白石区,04
01105_札幌市　豊平区,1112,01105,札幌市　豊平区,05
01106_札幌市　南区,845,01106,札幌市　南区,06
01107_札幌市　西区,1054,01107,札幌市　西区,07
01108_札幌市　厚別区,838,01108,札幌市　厚別区,08
01109_札幌市　手稲区,927,01109,札幌市　手稲区,09
01110_札幌市　清田区,882,01110,札幌市　清田区,10
01202_函館市,817,01202,函館市,02
01203_小樽市,704,01203,小樽市,03
01204_旭川市,798,01204,旭川市,04
01205_室蘭市,741,01205,室蘭市,05
01206_釧路市,796,01206,釧路市,06
01207_帯広市,807,01207,帯広市,07
01208_北見市,700,01208,北見市,08
01209_夕張市,395,01209,夕張市,09
01210_岩見沢市,736,01210,岩見沢市,10
01211_網走市,672,01211,網走市,11
01212_留萌市,594,01212,留萌市,12
01213_苫小牧市,735,01213,苫小牧市,13
01214_稚内市,608,01214,稚内市,14
01215_美唄市,513,01215,美唄市,15
01216_芦別市,449,01216,芦別市,16
01217_江別市,767,01217,江別市,17
01218_赤平市,334,01218,赤平市,18
01219_紋別市,620,01219,紋別市,19
01220_士別市,498,01220,士別市,20
01221_名寄市,729,01221,名寄市,21
01222_三笠市,344,01222,三笠市,22
01223_根室市,545,01223,根室市,23
01224_千歳市,874,01224,千歳市,24
01225_滝川市,740,01225,滝川市,25
01226_砂川市,533,01226,砂川市,26
01227_歌志内市,362,01227,歌志内市,27
01228_深川市,595,01228,深川市,28
01229_富良野市,670,01229,富良野市,29
01230_登別市,660,01230,登別市,30
01231_恵庭市,865,01231,恵庭市,31
01233_伊達市,690,01233,伊達市,33
01234_北広島市,744,01234,北広島市,34
01235_石狩市,693,01235,石狩市,35
01236_北斗市,713,01236,北斗市,36
01303_当別町,653,01303,当別町,03
01337_七飯町,724,01337,七飯町,37
01345_森町,491,01345,森町,45
01346_八雲町,742,01346,八雲町,46
01408_余市町,684,01408,余市町,08
01543_美幌町,608,01543,美幌町,43
01555_遠軽町,498,01555,遠軽町,55
01578_白老町,426,01578,白老町,78
01610_新ひだか町,588,01610,新ひだか町,10
01631_音更町,760,01631,音更町,31
01637_芽室町,552,01637,芽室町,37
01643_幕別町,572,01643,幕別町,43
01661_釧路町,763,01661,釧路町,61
01691_別海町,429,01691,別海町,91
01692_中標津町,812,01692,中標津町,92
02201_青森市,864,02201,青森市,01
02202_弘前市,875,02202,弘前市,02
02203_八戸市,797,02203,八戸市,03
02204_黒石市,637,02204,黒石市,04
02205_五所川原市,595,02205,五所川原市,05
02206_十和田市,752,02206,十和田市,06
02207_三沢市,678,02207,三沢市,07
02208_むつ市,661,02208,むつ市,08
02209_つがる市,463,02209,つがる市,09
02210_平川市,616,02210,平川市,10
02361_藤崎町,527,02361,藤崎町,61
02402_七戸町,467,02402,七戸町,02
02408_東北町,439,02408,東北町,08
02412_おいらせ町,777,02412,おいらせ町,12
02442_五戸町,523,02442,五戸町,42
02445_南部町,372,02445,南部町,45
03201_盛岡市,1001,03201,盛岡市,01
03202_宮古市,616,03202,宮古市,02
03203_大船渡市,587,03203,大船渡市,03
03205_花巻市,715,03205,花巻市,05
03206_北上市,914,03206,北上市,06
03207_久慈市,601,03207,久慈市,07
03208_遠野市,549,03208,遠野市,08
03209_一関市,861,03209,一関市,09
03210_陸前高田市,452,03210,陸前高田市,10
03211_釜石市,622,03211,釜石市,11
03213_二戸市,717,03213,二戸市,13
03214_八幡平市,608,03214,八幡平市,14
03215_奥州市,782,03215,奥州市,15
03216_滝沢市,985,03216,滝沢市,16
03301_雫石町,464,03301,雫石町,01
03321_紫波町,785,03321,紫波町,21
03322_矢巾町,930,03322,矢巾町,22
03381_金ケ崎町,1216,03381,金ケ崎町,81
03482_山田町,630,03482,山田町,82
03507_洋野町,338,03507,洋野町,07
04101_仙台市　青葉区,1404,04101,仙台市　青葉区,01
04102_仙台市　宮城野区,1152,04102,仙台市　宮城野区,02
04103_仙台市　若林区,1211,04103,仙台市　若林区,03
04104_仙台市　太白区,1107,04104,仙台市　太白区,04
04105_仙台市　泉区,1238,04105,仙台市　泉区,05
04202_石巻市,673,04202,石巻市,02
04203_塩竈市,783,04203,塩竈市,03
04205_気仙沼市,445,04205,気仙沼市,05
04206_白石市,757,04206,白石市,06
04207_名取市,1030,04207,名取市,07
04208_角田市,737,04208,角田市,08
04209_多賀城市,965,04209,多賀城市,09
04211_岩沼市,957,04211,岩沼市,11
04212_登米市,753,04212,登米市,12
04213_栗原市,700,04213,栗原市,13
04214_東松島市,644,04214,東松島市,14
04215_大崎市,925,04215,大崎市,15
04216_富谷市,1157,04216,富谷市,16
04321_大河原町,884,04321,大河原町,21
04323_柴田町,913,04323,柴田町,23
04361_亘理町,744,04361,亘理町,61
04404_七ヶ浜町,814,04404,七ヶ浜町,04
04406_利府町,1054,04406,利府町,06
04421_大和町,1076,04421,大和町,21
04445_加美町,560,04445,加美町,45
04501_涌谷町,417,04501,涌谷町,01
04505_美里町,566,04505,美里町,05
05201_秋田市,959,05201,秋田市,01
05202_能代市,517,05202,能代市,02
05203_横手市,792,05203,横手市,03
05204_大館市,708,05204,大館市,04
05206_男鹿市,369,05206,男鹿市,06
05207_湯沢市,661,05207,湯沢市,07
05209_鹿角市,544,05209,鹿角市,09
05210_由利本荘市,804,05210,由利本荘市,10
05211_潟上市,659,05211,潟上市,11
05212_大仙市,759,05212,大仙市,12
05213_北秋田市,533,05213,北秋田市,13
05214_にかほ市,519,05214,にかほ市,14
05215_仙北市,572,05215,仙北市,15
05348_三種町,300,05348,三種町,48
05434_美郷町,413,05434,美郷町,34
05463_羽後町,301,05463,羽後町,63
06201_山形市,1017,06201,山形市,01
06202_米沢市,907,06202,米沢市,02
06203_鶴岡市,824,06203,鶴岡市,03
06204_酒田市,697,06204,酒田市,04
06205_新庄市,817,06205,新庄市,05
06206_寒河江市,739,06206,寒河江市,06
06207_上山市,689,06207,上山市,07
06208_村山市,603,06208,村山市,08
06209_長井市,738,06209,長井市,09
06210_天童市,884,06210,天童市,10
06211_東根市,967,06211,東根市,11
06212_尾花沢市,419,06212,尾花沢市,12
06213_南陽市,808,06213,南陽市,13
06321_河北町,757,06321,河北町,21
06381_高畠町,744,06381,高畠町,81
06382_川西町,674,06382,川西町,82
06428_庄内町,621,06428,庄内町,28
07201_福島市,965,07201,福島市,01
07202_会津若松市,795,07202,会津若松市,02
07203_郡山市,1021,07203,郡山市,03
07204_いわき市,820,07204,いわき市,04
07205_白河市,770,07205,白河市,05
07207_須賀川市,952,07207,須賀川市,07
07208_喜多方市,670,07208,喜多方市,08
07209_相馬市,654,07209,相馬市,09
07210_二本松市,781,07210,二本松市,10
07211_田村市,774,07211,田村市,11
07212_南相馬市,739,07212,南相馬市,12
07213_伊達市,826,07213,伊達市,13
07214_本宮市,788,07214,本宮市,14
07368_南会津町,439,07368,南会津町,68
07408_猪苗代町,563,07408,猪苗代町,08
07421_会津坂下町,682,07421,会津坂下町,21
07447_会津美里町,465,07447,会津美里町,47
07461_西郷村,1028,07461,西郷村,61
07466_矢吹町,963,07466,矢吹町,66
07501_石川町,695,07501,石川町,01
07521_三春町,736,07521,三春町,21
08201_水戸市,1011,08201,水戸市,01
08202_日立市,857,08202,日立市,02
08203_土浦市,981,08203,土浦市,03
08204_古河市,956,08204,古河市,04
08205_石岡市,866,08205,石岡市,05
08207_結城市,955,08207,結城市,07
08208_龍ケ崎市,863,08208,龍ケ崎市,08
08210_下妻市,845,08210,下妻市,10
08211_常総市,848,08211,常総市,11
08212_常陸太田市,736,08212,常陸太田市,12
08214_高萩市,746,08214,高萩市,14
08215_北茨城市,682,08215,北茨城市,15
08216_笠間市,764,08216,笠間市,16
08217_取手市,998,08217,取手市,17
08219_牛久市,1092,08219,牛久市,19
08220_つくば市,1186,08220,つくば市,20
08221_ひたちなか市,989,08221,ひたちなか市,21
08222_鹿嶋市,842,08222,鹿嶋市,22
08223_潮来市,844,08223,潮来市,23
08224_守谷市,1187,08224,守谷市,24
08225_常陸大宮市,719,08225,常陸大宮市,25
08226_那珂市,1053,08226,那珂市,26
08227_筑西市,824,08227,筑西市,27
08228_坂東市,815,08228,坂東市,28
08229_稲敷市,583,08229,稲敷市,29
08230_かすみがうら市,949,08230,かすみがうら市,30
08231_桜川市,736,08231,桜川市,31
08232_神栖市,923,08232,神栖市,32
08233_行方市,721,08233,行方市,33
08234_鉾田市,799,08234,鉾田市,34
08235_つくばみらい市,1129,08235,つくばみらい市,35
08236_小美玉市,768,08236,小美玉市,36
08302_茨城町,791,08302,茨城町,02
08309_大洗町,768,08309,大洗町,09
08310_城里町,414,08310,城里町,10
08341_東海村,1018,08341,東海村,41
08364_大子町,387,08364,大子町,64
08442_美浦村,308,08442,美浦村,42
08443_阿見町,800,08443,阿見町,43
08521_八千代町,816,08521,八千代町,21
08546_境町,818,08546,境町,46
08564_利根町,780,08564,利根町,64
09201_宇都宮市,1042,09201,宇都宮市,01
09202_足利市,852,09202,足利市,02
09203_栃木市,924,09203,栃木市,03
09204_佐野市,851,09204,佐野市,04
09205_鹿沼市,820,09205,鹿沼市,05
09206_日光市,748,09206,日光市,06
09208_小山市,983,09208,小山市,08
09209_真岡市,944,09209,真岡市,09
09210_大田原市,870,09210,大田原市,10
09211_矢板市,765,09211,矢板市,11
09213_那須塩原市,846,09213,那須塩原市,13
09214_さくら市,1001,09214,さくら市,14
09215_那須烏山市,840,09215,那須烏山市,15
09216_下野市,960,09216,下野市,16
09301_上三川町,1130,09301,上三川町,01
09342_益子町,634,09342,益子町,42
09345_芳賀町,988,09345,芳賀町,45
09361_壬生町,1017,09361,壬生町,61
09364_野木町,1055,09364,野木町,64
09386_高根沢町,1083,09386,高根沢町,86
09407_那須町,525,09407,那須町,07
09411_那珂川町,386,09411,那珂川町,11
10201_前橋市,968,10201,前橋市,01
10202_高崎市,1039,10202,高崎市,02
10203_桐生市,713,10203,桐生市,03
10204_伊勢崎市,980,10204,伊勢崎市,04
10205_太田市,893,10205,太田市,05
10206_沼田市,730,10206,沼田市,06
10207_館林市,890,10207,館林市,07
10208_渋川市,748,10208,渋川市,08
10209_藤岡市,878,10209,藤岡市,09
10210_富岡市,804,10210,富岡市,10
10211_安中市,647,10211,安中市,11
10212_みどり市,805,10212,みどり市,12
10345_吉岡町,891,10345,吉岡町,45
10421_中之条町,579,10421,中之条町,21
10449_みなかみ町,484,10449,みなかみ町,49
10464_玉村町,1043,10464,玉村町,64
10521_板倉町,1219,10521,板倉町,21
10524_大泉町,1008,10524,大泉町,24
10525_邑楽町,966,10525,邑楽町,25
11101_さいたま市　西区,1222,11101,さいたま市　西区,01
11102_さいたま市　北区,1265,11102,さいたま市　北区,02
11103_さいたま市　大宮区,1519,11103,さいたま市　大宮区,03
11104_さいたま市　見沼区,1101,11104,さいたま市　見沼区,04
11105_さいたま市　中央区,1510,11105,さいたま市　中央区,05
11106_さいたま市　桜区,1359,11106,さいたま市　桜区,06
11107_さいたま市　浦和区,1578,11107,さいたま市　浦和区,07
11108_さいたま市　南区,1576,11108,さいたま市　南区,08
11109_さいたま市　緑区,1285,11109,さいたま市　緑区,09
11110_さいたま市　岩槻区,1081,11110,さいたま市　岩槻区,10
11201_川越市,1279,11201,川越市,01
11202_熊谷市,1034,11202,熊谷市,02
11203_川口市,1616,11203,川口市,03
11206_行田市,910,11206,行田市,06
11207_秩父市,731,11207,秩父市,07
11208_所沢市,1410,11208,所沢市,08
11209_飯能市,1119,11209,飯能市,09
11210_加須市,904,11210,加須市,10
11211_本庄市,916,11211,本庄市,11
11212_東松山市,1129,11212,東松山市,12
11214_春日部市,1152,11214,春日部市,14
11215_狭山市,1147,11215,狭山市,15
11216_羽生市,877,11216,羽生市,16
11217_鴻巣市,1001,11217,鴻巣市,17
11218_深谷市,1035,11218,深谷市,18
11219_上尾市,1174,11219,上尾市,19
11221_草加市,1376,11221,草加市,21
11222_越谷市,1263,11222,越谷市,22
11223_蕨市,1683,11223,蕨市,23
11224_戸田市,1724,11224,戸田市,24
11225_入間市,1185,11225,入間市,25
11227_朝霞市,1601,11227,朝霞市,27
11228_志木市,1539,11228,志木市,28
11229_和光市,1752,11229,和光市,29
11230_新座市,1327,11230,新座市,30
11231_桶川市,1198,11231,桶川市,31
11232_久喜市,1056,11232,久喜市,32
11233_北本市,946,11233,北本市,33
11234_八潮市,1487,11234,八潮市,34
11235_富士見市,1529,11235,富士見市,35
11237_三郷市,1227,11237,三郷市,37
11238_蓮田市,1215,11238,蓮田市,38
11239_坂戸市,1232,11239,坂戸市,39
11240_幸手市,875,11240,幸手市,40
11241_鶴ヶ島市,1122,11241,鶴ヶ島市,41
11242_日高市,1009,11242,日高市,42
11243_吉川市,1273,11243,吉川市,43
11245_ふじみ野市,1332,11245,ふじみ野市,45
11246_白岡市,1164,11246,白岡市,46
11301_伊奈町,1210,11301,伊奈町,01
11324_三芳町,1246,11324,三芳町,24
11326_毛呂山町,1046,11326,毛呂山町,26
11341_滑川町,1436,11341,滑川町,41
11342_嵐山町,900,11342,嵐山町,42
11343_小川町,826,11343,小川町,43
11346_川島町,623,11346,川島町,46
11347_吉見町,855,11347,吉見町,47
11385_上里町,842,11385,上里町,85
11408_寄居町,813,11408,寄居町,08
11442_宮代町,1085,11442,宮代町,42
11464_杉戸町,961,11464,杉戸町,64
11465_松伏町,821,11465,松伏町,65
12101_千葉市　中央区,1420,12101,千葉市　中央区,01
12102_千葉市　花見川区,1306,12102,千葉市　花見川区,02
12103_千葉市　稲毛区,1239,12103,千葉市　稲毛区,03
12104_千葉市　若葉区,931,12104,千葉市　若葉区,04
12105_千葉市　緑区,1041,12105,千葉市　緑区,05
12106_千葉市　美浜区,1225,12106,千葉市　美浜区,06
12202_銚子市,826,12202,銚子市,02
12203_市川市,1656,12203,市川市,03
12204_船橋市,1450,12204,船橋市,04
12205_館山市,913,12205,館山市,05
12206_木更津市,953,12206,木更津市,06
12207_松戸市,1363,12207,松戸市,07
12208_野田市,1028,12208,野田市,08
12210_茂原市,960,12210,茂原市,10
12211_成田市,1185,12211,成田市,11
12212_佐倉市,1062,12212,佐倉市,12
12213_東金市,1015,12213,東金市,13
12215_旭市,783,12215,旭市,15
12216_習志野市,1285,12216,習志野市,16
12217_柏市,1277,12217,柏市,17
12218_勝浦市,929,12218,勝浦市,18
12219_市原市,981,12219,市原市,19
12220_流山市,1294,12220,流山市,20
12221_八千代市,1190,12221,八千代市,21
12222_我孫子市,1076,12222,我孫子市,22
12223_鴨川市,964,12223,鴨川市,23
12224_鎌ケ谷市,1247,12224,鎌ケ谷市,24
12225_君津市,948,12225,君津市,25
12226_富津市,701,12226,富津市,26
12227_浦安市,1784,12227,浦安市,27
12228_四街道市,1018,12228,四街道市,28
12229_袖ケ浦市,983,12229,袖ケ浦市,29
12230_八街市,810,12230,八街市,30
12231_印西市,982,12231,印西市,31
12232_白井市,1037,12232,白井市,32
12233_富里市,1085,12233,富里市,33
12234_南房総市,700,12234,南房総市,34
12235_匝瑳市,791,12235,匝瑳市,35
12236_香取市,840,12236,香取市,36
12237_山武市,748,12237,山武市,37
12238_いすみ市,725,12238,いすみ市,38
12239_大網白里市,914,12239,大網白里市,39
12322_酒々井町,908,12322,酒々井町,22
12329_栄町,863,12329,栄町,29
12403_九十九里町,724,12403,九十九里町,03
12410_横芝光町,617,12410,横芝光町,10
13101_千代田区,3438,13101,千代田区,01
13102_中央区,2942,13102,中央区,02
13103_港区,3611,13103,港区,03
13104_新宿区,2681,13104,新宿区,04
13105_文京区,2472,13105,文京区,05
13106_台東区,2518,13106,台東区,06
13107_墨田区,2212,13107,墨田区,07
13108_江東区,1976,13108,江東区,08
13109_品川区,2538,13109,品川区,09
13110_目黒区,2553,13110,目黒区,10
13111_大田区,2209,13111,大田区,11
13112_世田谷区,2265,13112,世田谷区,12
13113_渋谷区,3081,13113,渋谷区,13
13114_中野区,2477,13114,中野区,14
13115_杉並区,2250,13115,杉並区,15
13116_豊島区,2615,13116,豊島区,16
13117_北区,1889,13117,北区,17
13118_荒川区,2049,13118,荒川区,18
13119_板橋区,1936,13119,板橋区,19
13120_練馬区,1913,13120,練馬区,20
13121_足立区,1598,13121,足立区,21
13122_葛飾区,1592,13122,葛飾区,22
13123_江戸川区,1725,13123,江戸川区,23
13201_八王子市,1346,13201,八王子市,01
13202_立川市,1422,13202,立川市,02
13203_武蔵野市,2154,13203,武蔵野市,03
13204_三鷹市,1822,13204,三鷹市,04
13205_青梅市,1191,13205,青梅市,05
13206_府中市,1786,13206,府中市,06
13207_昭島市,1312,13207,昭島市,07
13208_調布市,1843,13208,調布市,08
13209_町田市,1337,13209,町田市,09
13210_小金井市,1798,13210,小金井市,10
13211_小平市,1349,13211,小平市,11
13212_日野市,1455,13212,日野市,12
13213_東村山市,1261,13213,東村山市,13
13214_国分寺市,1685,13214,国分寺市,14
13215_国立市,1601,13215,国立市,15
13218_福生市,1097,13218,福生市,18
13219_狛江市,1758,13219,狛江市,19
13220_東大和市,1180,13220,東大和市,20
13221_清瀬市,1264,13221,清瀬市,21
13222_東久留米市,1362,13222,東久留米市,22
13223_武蔵村山市,1030,13223,武蔵村山市,23
13224_多摩市,1402,13224,多摩市,24
13225_稲城市,1489,13225,稲城市,25
13227_羽村市,1345,13227,羽村市,27
13228_あきる野市,1144,13228,あきる野市,28
13229_西東京市,1563,13229,西東京市,29
13303_瑞穂町,935,13303,瑞穂町,03
13305_日の出町,1204,13305,日の出町,05
14101_横浜市　鶴見区,1785,14101,横浜市　鶴見区,01
14102_横浜市　神奈川区,1846,14102,横浜市　神奈川区,02
14103_横浜市　西区,2233,14103,横浜市　西区,03
14104_横浜市　中区,1890,14104,横浜市　中区,04
14105_横浜市　南区,1794,14105,横浜市　南区,05
14106_横浜市　保土ケ谷区,1574,14106,横浜市　保土ケ谷区,06
14107_横浜市　磯子区,1587,14107,横浜市　磯子区,07
14108_横浜市　金沢区,1490,14108,横浜市　金沢区,08
14109_横浜市　港北区,1916,14109,横浜市　港北区,09
14110_横浜市　戸塚区,1424,14110,横浜市　戸塚区,10
14111_横浜市　港南区,1470,14111,横浜市　港南区,11
14112_横浜市　旭区,1396,14112,横浜市　旭区,12
14113_横浜市　緑区,1450,14113,横浜市　緑区,13
14114_横浜市　瀬谷区,1209,14114,横浜市　瀬谷区,14
14115_横浜市　栄区,1428,14115,横浜市　栄区,15
14116_横浜市　泉区,1337,14116,横浜市　泉区,16
14117_横浜市　青葉区,1609,14117,横浜市　青葉区,17
14118_横浜市　都筑区,1682,14118,横浜市　都筑区,18
14130_川崎市,1893,14130,川崎市,30
14131_川崎市　川崎区,1990,14131,川崎市　川崎区,31
14132_川崎市　幸区,1818,14132,川崎市　幸区,32
14133_川崎市　中原区,2119,14133,川崎市　中原区,33
14134_川崎市　高津区,1950,14134,川崎市　高津区,34
14135_川崎市　多摩区,1850,14135,川崎市　多摩区,35
14136_川崎市　宮前区,1689,14136,川崎市　宮前区,36
14137_川崎市　麻生区,1625,14137,川崎市　麻生区,37
14150_相模原市,1400,14150,相模原市,50
14151_相模原市　緑区,1207,14151,相模原市　緑区,51
14152_相模原市　中央区,1354,14152,相模原市　中央区,52
14153_相模原市　南区,1539,14153,相模原市　南区,53
14201_横須賀市,1163,14201,横須賀市,01
14203_平塚市,1145,14203,平塚市,03
14204_鎌倉市,1679,14204,鎌倉市,04
14205_藤沢市,1480,14205,藤沢市,05
14206_小田原市,1127,14206,小田原市,06
14207_茅ヶ崎市,1345,14207,茅ヶ崎市,07
14208_逗子市,1435,14208,逗子市,08
14210_三浦市,982,14210,三浦市,10
14211_秦野市,1139,14211,秦野市,11
14212_厚木市,1350,14212,厚木市,12
14213_大和市,1351,14213,大和市,13
14214_伊勢原市,1200,14214,伊勢原市,14
14215_海老名市,1329,14215,海老名市,15
14216_座間市,1270,14216,座間市,16
14217_南足柄市,1051,14217,南足柄市,17
14218_綾瀬市,1118,14218,綾瀬市,18
14301_葉山町,1408,14301,葉山町,01
14321_寒川町,1133,14321,寒川町,21
14341_大磯町,1104,14341,大磯町,41
14342_二宮町,1088,14342,二宮町,42
14362_大井町,1078,14362,大井町,62
14366_開成町,1056,14366,開成町,66
14384_湯河原町,1260,14384,湯河原町,84
14401_愛川町,1007,14401,愛川町,01
15101_新潟市　北区,854,15101,新潟市　北区,01
15102_新潟市　東区,956,15102,新潟市　東区,02
15103_新潟市　中央区,1236,15103,新潟市　中央区,03
15104_新潟市　江南区,877,15104,新潟市　江南区,04
15105_新潟市　秋葉区,968,15105,新潟市　秋葉区,05
15106_新潟市　南区,883,15106,新潟市　南区,06
15107_新潟市　西区,1002,15107,新潟市　西区,07
15108_新潟市　西蒲区,690,15108,新潟市　西蒲区,08
15202_長岡市,1049,15202,長岡市,02
15204_三条市,902,15204,三条市,04
15205_柏崎市,838,15205,柏崎市,05
15206_新発田市,897,15206,新発田市,06
15208_小千谷市,794,15208,小千谷市,08
15209_加茂市,627,15209,加茂市,09
15210_十日町市,822,15210,十日町市,10
15211_見附市,928,15211,見附市,11
15212_村上市,700,15212,村上市,12
15213_燕市,847,15213,燕市,13
15216_糸魚川市,821,15216,糸魚川市,16
15217_妙高市,850,15217,妙高市,17
15218_五泉市,685,15218,五泉市,18
15222_上越市,916,15222,上越市,22
15223_阿賀野市,706,15223,阿賀野市,23
15224_佐渡市,639,15224,佐渡市,24
15225_魚沼市,743,15225,魚沼市,25
15226_南魚沼市,761,15226,南魚沼市,26
15227_胎内市,742,15227,胎内市,27
16201_富山市,967,16201,富山市,01
16202_高岡市,872,16202,高岡市,02
16204_魚津市,829,16204,魚津市,04
16205_氷見市,620,16205,氷見市,05
16206_滑川市,698,16206,滑川市,06
16207_黒部市,718,16207,黒部市,07
16208_砺波市,920,16208,砺波市,08
16209_小矢部市,657,16209,小矢部市,09
16210_南砺市,555,16210,南砺市,10
16211_射水市,756,16211,射水市,11
16322_上市町,845,16322,上市町,22
16323_立山町,865,16323,立山町,23
16342_入善町,788,16342,入善町,42
17201_金沢市,1042,17201,金沢市,01
17202_七尾市,708,17202,七尾市,02
17203_小松市,879,17203,小松市,03
17204_輪島市,430,17204,輪島市,04
17205_珠洲市,259,17205,珠洲市,05
17206_加賀市,679,17206,加賀市,06
17207_羽咋市,772,17207,羽咋市,07
17209_かほく市,954,17209,かほく市,09
17210_白山市,799,17210,白山市,10
17211_能美市,750,17211,能美市,11
17212_野々市市,1110,17212,野々市市,12
17361_津幡町,816,17361,津幡町,61
17365_内灘町,996,17365,内灘町,65
17384_志賀町,608,17384,志賀町,84
17407_中能登町,499,17407,中能登町,07
17463_能登町,417,17463,能登町,63
18201_福井市,934,18201,福井市,01
18202_敦賀市,829,18202,敦賀市,02
18204_小浜市,872,18204,小浜市,04
18205_大野市,562,18205,大野市,05
18206_勝山市,487,18206,勝山市,06
18207_鯖江市,879,18207,鯖江市,07
18208_あわら市,690,18208,あわら市,08
18209_越前市,912,18209,越前市,09
18210_坂井市,786,18210,坂井市,10
18322_永平寺町,1088,18322,永平寺町,22
18423_越前町,594,18423,越前町,23
18501_若狭町,814,18501,若狭町,01
19201_甲府市,979,19201,甲府市,01
19202_富士吉田市,842,19202,富士吉田市,02
19204_都留市,990,19204,都留市,04
19205_山梨市,710,19205,山梨市,05
19206_大月市,643,19206,大月市,06
19207_韮崎市,870,19207,韮崎市,07
19208_南アルプス市,871,19208,南アルプス市,08
19209_北杜市,658,19209,北杜市,09
19210_甲斐市,963,19210,甲斐市,10
19211_笛吹市,919,19211,笛吹市,11
19212_上野原市,1073,19212,上野原市,12
19213_甲州市,628,19213,甲州市,13
19214_中央市,1048,19214,中央市,14
19346_市川三郷町,406,19346,市川三郷町,46
19368_富士川町,642,19368,富士川町,68
19384_昭和町,1104,19384,昭和町,84
19430_富士河口湖町,924,19430,富士河口湖町,30
20201_長野市,971,20201,長野市,01
20202_松本市,1029,20202,松本市,02
20203_上田市,953,20203,上田市,03
20204_岡谷市,884,20204,岡谷市,04
20205_飯田市,910,20205,飯田市,05
20206_諏訪市,938,20206,諏訪市,06
20207_須坂市,837,20207,須坂市,07
20208_小諸市,708,20208,小諸市,08
20209_伊那市,771,20209,伊那市,09
20210_駒ヶ根市,873,20210,駒ヶ根市,10
20211_中野市,738,20211,中野市,11
20212_大町市,511,20212,大町市,12
20213_飯山市,564,20213,飯山市,13
20214_茅野市,1038,20214,茅野市,14
20215_塩尻市,1056,20215,塩尻市,15
20217_佐久市,857,20217,佐久市,17
20218_千曲市,845,20218,千曲市,18
20219_東御市,949,20219,東御市,19
20220_安曇野市,895,20220,安曇野市,20
20321_軽井沢町,1109,20321,軽井沢町,21
20323_御代田町,947,20323,御代田町,23
20361_下諏訪町,940,20361,下諏訪町,61
20382_辰野町,659,20382,辰野町,82
20383_箕輪町,892,20383,箕輪町,83
20385_南箕輪村,951,20385,南箕輪村,85
21201_岐阜市,946,21201,岐阜市,01
21202_大垣市,914,21202,大垣市,02
21203_高山市,808,21203,高山市,03
21204_多治見市,932,21204,多治見市,04
21205_関市,915,21205,関市,05
21206_中津川市,786,21206,中津川市,06
21207_美濃市,620,21207,美濃市,07
21208_瑞浪市,937,21208,瑞浪市,08
21209_羽島市,966,21209,羽島市,09
21210_恵那市,729,21210,恵那市,10
21211_美濃加茂市,935,21211,美濃加茂市,11
21212_土岐市,830,21212,土岐市,12
21213_各務原市,935,21213,各務原市,13
21214_可児市,986,21214,可児市,14
21215_山県市,839,21215,山県市,15
21216_瑞穂市,1035,21216,瑞穂市,16
21217_飛騨市,609,21217,飛騨市,17
21218_本巣市,744,21218,本巣市,18
21219_郡上市,490,21219,郡上市,19
21220_下呂市,726,21220,下呂市,20
21221_海津市,575,21221,海津市,21
21302_岐南町,1083,21302,岐南町,02
21303_笠松町,954,21303,笠松町,03
21341_養老町,530,21341,養老町,41
21361_垂井町,618,21361,垂井町,61
21381_神戸町,966,21381,神戸町,81
21401_揖斐川町,618,21401,揖斐川町,01
21403_大野町,862,21403,大野町,03
21404_池田町,780,21404,池田町,04
21421_北方町,774,21421,北方町,21
21521_御嵩町,642,21521,御嵩町,21
22101_静岡市　葵区,1257,22101,静岡市　葵区,01
22102_静岡市　駿河区,1254,22102,静岡市　駿河区,02
22103_静岡市　清水区,1136,22103,静岡市　清水区,03
22130_浜松市,1074,22130,浜松市,30
22131_浜松市　中区,1128,22131,浜松市　中区,31
22132_浜松市　東区,1120,22132,浜松市　東区,32
22133_浜松市　西区,913,22133,浜松市　西区,33
22134_浜松市　南区,1021,22134,浜松市　南区,34
22135_浜松市　北区,1063,22135,浜松市　北区,35
22136_浜松市　浜北区,1053,22136,浜松市　浜北区,36
22137_浜松市　天竜区,565,22137,浜松市　天竜区,37
22203_沼津市,1088,22203,沼津市,03
22205_熱海市,966,22205,熱海市,05
22206_三島市,1159,22206,三島市,06
22207_富士宮市,984,22207,富士宮市,07
22208_伊東市,879,22208,伊東市,08
22209_島田市,922,22209,島田市,09
22210_富士市,1030,22210,富士市,10
22211_磐田市,1044,22211,磐田市,11
22212_焼津市,1042,22212,焼津市,12
22213_掛川市,1019,22213,掛川市,13
22214_藤枝市,1043,22214,藤枝市,14
22215_御殿場市,1133,22215,御殿場市,15
22216_袋井市,972,22216,袋井市,16
22219_下田市,742,22219,下田市,19
22220_裾野市,951,22220,裾野市,20
22221_湖西市,1021,22221,湖西市,21
22222_伊豆市,648,22222,伊豆市,22
22223_御前崎市,741,22223,御前崎市,23
22224_菊川市,919,22224,菊川市,24
22225_伊豆の国市,1019,22225,伊豆の国市,25
22226_牧之原市,739,22226,牧之原市,26
22325_函南町,1134,22325,函南町,25
22341_清水町,1260,22341,清水町,41
22342_長泉町,1207,22342,長泉町,42
22344_小山町,599,22344,小山町,44
22424_吉田町,938,22424,吉田町,24
22461_森町,605,22461,森町,61
23101_名古屋市　千種区,1316,23101,名古屋市　千種区,01
23102_名古屋市　東区,1511,23102,名古屋市　東区,02
23103_名古屋市　北区,1111,23103,名古屋市　北区,03
23104_名古屋市　西区,1360,23104,名古屋市　西区,04
23105_名古屋市　中村区,1438,23105,名古屋市　中村区,05
23106_名古屋市　中区,1714,23106,名古屋市　中区,06
23107_名古屋市　昭和区,1615,23107,名古屋市　昭和区,07
23108_名古屋市　瑞穂区,1297,23108,名古屋市　瑞穂区,08
23109_名古屋市　熱田区,1318,23109,名古屋市　熱田区,09
23110_名古屋市　中川区,1113,23110,名古屋市　中川区,10
23111_名古屋市　港区,905,23111,名古屋市　港区,11
23112_名古屋市　南区,1067,23112,名古屋市　南区,12
23113_名古屋市　守山区,1042,23113,名古屋市　守山区,13
23114_名古屋市　緑区,1075,23114,名古屋市　緑区,14
23115_名古屋市　名東区,1240,23115,名古屋市　名東区,15
23116_名古屋市　天白区,1212,23116,名古屋市　天白区,16
23201_豊橋市,991,23201,豊橋市,01
23202_岡崎市,1071,23202,岡崎市,02
23203_一宮市,980,23203,一宮市,03
23204_瀬戸市,828,23204,瀬戸市,04
23205_半田市,974,23205,半田市,05
23206_春日井市,1113,23206,春日井市,06
23207_豊川市,1001,23207,豊川市,07
23208_津島市,885,23208,津島市,08
23209_碧南市,1029,23209,碧南市,09
23210_刈谷市,1158,23210,刈谷市,10
23211_豊田市,1131,23211,豊田市,11
23212_安城市,1067,23212,安城市,12
23213_西尾市,913,23213,西尾市,13
23214_蒲郡市,939,23214,蒲郡市,14
23215_犬山市,1079,23215,犬山市,15
23216_常滑市,986,23216,常滑市,16
23217_江南市,956,23217,江南市,17
23219_小牧市,1006,23219,小牧市,19
23220_稲沢市,974,23220,稲沢市,20
23221_新城市,811,23221,新城市,21
23222_東海市,1087,23222,東海市,22
23223_大府市,1031,23223,大府市,23
23224_知多市,1020,23224,知多市,24
23225_知立市,1150,23225,知立市,25
23226_尾張旭市,1125,23226,尾張旭市,26
23227_高浜市,1072,23227,高浜市,27
23228_岩倉市,1092,23228,岩倉市,28
23229_豊明市,1067,23229,豊明市,29
23230_日進市,1248,23230,日進市,30
23231_田原市,907,23231,田原市,31
23232_愛西市,879,23232,愛西市,32
23233_清須市,1138,23233,清須市,33
23234_北名古屋市,1121,23234,北名古屋市,34
23235_弥富市,1098,23235,弥富市,35
23236_みよし市,1144,23236,みよし市,36
23237_あま市,957,23237,あま市,37
23238_長久手市,1293,23238,長久手市,38
23302_東郷町,1121,23302,東郷町,02
23342_豊山町,1053,23342,豊山町,42
23361_大口町,925,23361,大口町,61
23362_扶桑町,1187,23362,扶桑町,62
23424_大治町,1099,23424,大治町,24
23425_蟹江町,1160,23425,蟹江町,25
23441_阿久比町,905,23441,阿久比町,41
23442_東浦町,989,23442,東浦町,42
23445_南知多町,621,23445,南知多町,45
23446_美浜町,904,23446,美浜町,46
23447_武豊町,1049,23447,武豊町,47
23501_幸田町,1002,23501,幸田町,01
24201_津市,953,24201,津市,01
24202_四日市市,1045,24202,四日市市,02
24203_伊勢市,900,24203,伊勢市,03
24204_松阪市,912,24204,松阪市,04
24205_桑名市,925,24205,桑名市,05
24207_鈴鹿市,936,24207,鈴鹿市,07
24208_名張市,995,24208,名張市,08
24209_尾鷲市,481,24209,尾鷲市,09
24210_亀山市,935,24210,亀山市,10
24211_鳥羽市,513,24211,鳥羽市,11
24212_熊野市,595,24212,熊野市,12
24214_いなべ市,990,24214,いなべ市,14
24215_志摩市,645,24215,志摩市,15
24216_伊賀市,837,24216,伊賀市,16
24324_東員町,1052,24324,東員町,24
24341_菰野町,962,24341,菰野町,41
24442_明和町,618,24442,明和町,42
24461_玉城町,859,24461,玉城町,61
24543_紀北町,474,24543,紀北町,43
25201_大津市,1067,25201,大津市,01
25202_彦根市,904,25202,彦根市,02
25203_長浜市,955,25203,長浜市,03
25204_近江八幡市,831,25204,近江八幡市,04
25206_草津市,1259,25206,草津市,06
25207_守山市,1106,25207,守山市,07
25208_栗東市,1031,25208,栗東市,08
25209_甲賀市,927,25209,甲賀市,09
25210_野洲市,1098,25210,野洲市,10
25211_湖南市,984,25211,湖南市,11
25212_高島市,769,25212,高島市,12
25213_東近江市,1035,25213,東近江市,13
25214_米原市,782,25214,米原市,14
25383_日野町,885,25383,日野町,83
25425_愛荘町,979,25425,愛荘町,25
26101_京都市　北区,1476,26101,京都市　北区,01
26102_京都市　上京区,1667,26102,京都市　上京区,02
26103_京都市　左京区,1655,26103,京都市　左京区,03
26104_京都市　中京区,1884,26104,京都市　中京区,04
26105_京都市　東山区,1508,26105,京都市　東山区,05
26106_京都市　下京区,1797,26106,京都市　下京区,06
26107_京都市　南区,1330,26107,京都市　南区,07
26108_京都市　右京区,1476,26108,京都市　右京区,08
26109_京都市　伏見区,1102,26109,京都市　伏見区,09
26110_京都市　山科区,1241,26110,京都市　山科区,10
26111_京都市　西京区,1061,26111,京都市　西京区,11
26201_福知山市,945,26201,福知山市,01
26202_舞鶴市,780,26202,舞鶴市,02
26203_綾部市,744,26203,綾部市,03
26204_宇治市,1101,26204,宇治市,04
26205_宮津市,591,26205,宮津市,05
26206_亀岡市,1102,26206,亀岡市,06
26207_城陽市,1177,26207,城陽市,07
26208_向日市,1222,26208,向日市,08
26209_長岡京市,1326,26209,長岡京市,09
26210_八幡市,894,26210,八幡市,10
26211_京田辺市,1252,26211,京田辺市,11
26212_京丹後市,586,26212,京丹後市,12
26213_南丹市,852,26213,南丹市,13
26214_木津川市,1016,26214,木津川市,14
26303_大山崎町,1163,26303,大山崎町,03
26322_久御山町,770,26322,久御山町,22
26366_精華町,995,26366,精華町,66
26465_与謝野町,767,26465,与謝野町,65
27102_大阪市　都島区,1606,27102,大阪市　都島区,02
27103_大阪市　福島区,1857,27103,大阪市　福島区,03
27104_大阪市　此花区,1191,27104,大阪市　此花区,04
27106_大阪市　西区,2118,27106,大阪市　西区,06
27107_大阪市　港区,1358,27107,大阪市　港区,07
27108_大阪市　大正区,1092,27108,大阪市　大正区,08
27109_大阪市　天王寺区,1691,27109,大阪市　天王寺区,09
27111_大阪市　浪速区,1951,27111,大阪市　浪速区,11
27113_大阪市　西淀川区,1345,27113,大阪市　西淀川区,13
27114_大阪市　東淀川区,1396,27114,大阪市　東淀川区,14
27115_大阪市　東成区,1547,27115,大阪市　東成区,15
27116_大阪市　生野区,1302,27116,大阪市　生野区,16
27117_大阪市　旭区,1354,27117,大阪市　旭区,17
27118_大阪市　城東区,1460,27118,大阪市　城東区,18
27119_大阪市　阿倍野区,1548,27119,大阪市　阿倍野区,19
27120_大阪市　住吉区,1297,27120,大阪市　住吉区,20
27121_大阪市　東住吉区,1353,27121,大阪市　東住吉区,21
27122_大阪市　西成区,1569,27122,大阪市　西成区,22
27123_大阪市　淀川区,1565,27123,大阪市　淀川区,23
27124_大阪市　鶴見区,1184,27124,大阪市　鶴見区,24
27125_大阪市　住之江区,1167,27125,大阪市　住之江区,25
27126_大阪市　平野区,971,27126,大阪市　平野区,26
27127_大阪市　北区,1946,27127,大阪市　北区,27
27128_大阪市　中央区,2158,27128,大阪市　中央区,28
27140_堺市,1033,27140,堺市,40
27141_堺市　堺区,1195,27141,堺市　堺区,41
27142_堺市　中区,995,27142,堺市　中区,42
27143_堺市　東区,1122,27143,堺市　東区,43
27144_堺市　西区,980,27144,堺市　西区,44
27145_堺市　南区,767,27145,堺市　南区,45
27146_堺市　北区,1181,27146,堺市　北区,46
27147_堺市　美原区,828,27147,堺市　美原区,47
27202_岸和田市,952,27202,岸和田市,02
27203_豊中市,1294,27203,豊中市,03
27204_池田市,1429,27204,池田市,04
27205_吹田市,1385,27205,吹田市,05
27206_泉大津市,1124,27206,泉大津市,06
27207_高槻市,1202,27207,高槻市,07
27208_貝塚市,843,27208,貝塚市,08
27209_守口市,1247,27209,守口市,09
27210_枚方市,1125,27210,枚方市,10
27211_茨木市,1362,27211,茨木市,11
27212_八尾市,1090,27212,八尾市,12
27213_泉佐野市,1048,27213,泉佐野市,13
27214_富田林市,946,27214,富田林市,14
27215_寝屋川市,1026,27215,寝屋川市,15
27216_河内長野市,856,27216,河内長野市,16
27217_松原市,1072,27217,松原市,17
27218_大東市,1092,27218,大東市,18
27219_和泉市,1062,27219,和泉市,19
27220_箕面市,1225,27220,箕面市,20
27221_柏原市,1020,27221,柏原市,21
27222_羽曳野市,955,27222,羽曳野市,22
27223_門真市,1216,27223,門真市,23
27224_摂津市,1282,27224,摂津市,24
27225_高石市,1026,27225,高石市,25
27226_藤井寺市,1189,27226,藤井寺市,26
27227_東大阪市,1214,27227,東大阪市,27
27228_泉南市,834,27228,泉南市,28
27229_四條畷市,1117,27229,四條畷市,29
27230_交野市,1005,27230,交野市,30
27231_大阪狭山市,996,27231,大阪狭山市,31
27232_阪南市,861,27232,阪南市,32
27301_島本町,1046,27301,島本町,01
27321_豊能町,552,27321,豊能町,21
27341_忠岡町,1281,27341,忠岡町,41
27361_熊取町,826,27361,熊取町,61
27366_岬町,531,27366,岬町,66
27382_河南町,1057,27382,河南町,82
28101_神戸市　東灘区,1467,28101,神戸市　東灘区,01
28102_神戸市　灘区,1546,28102,神戸市　灘区,02
28105_神戸市　兵庫区,1511,28105,神戸市　兵庫区,05
28106_神戸市　長田区,1088,28106,神戸市　長田区,06
28107_神戸市　須磨区,984,28107,神戸市　須磨区,07
28108_神戸市　垂水区,1001,28108,神戸市　垂水区,08
28109_神戸市　北区,967,28109,神戸市　北区,09
28110_神戸市　中央区,1600,28110,神戸市　中央区,10
28111_神戸市　西区,1004,28111,神戸市　西区,11
28201_姫路市,939,28201,姫路市,01
28202_尼崎市,1293,28202,尼崎市,02
28203_明石市,1109,28203,明石市,03
28204_西宮市,1301,28204,西宮市,04
28205_洲本市,807,28205,洲本市,05
28206_芦屋市,1394,28206,芦屋市,06
28207_伊丹市,999,28207,伊丹市,07
28208_相生市,811,28208,相生市,08
28209_豊岡市,915,28209,豊岡市,09
28210_加古川市,978,28210,加古川市,10
28212_赤穂市,805,28212,赤穂市,12
28213_西脇市,755,28213,西脇市,13
28214_宝塚市,1386,28214,宝塚市,14
28215_三木市,902,28215,三木市,15
28216_高砂市,848,28216,高砂市,16
28217_川西市,1112,28217,川西市,17
28218_小野市,896,28218,小野市,18
28219_三田市,891,28219,三田市,19
28220_加西市,882,28220,加西市,20
28221_篠山市,901,28221,篠山市,21
28222_養父市,829,28222,養父市,22
28223_丹波市,801,28223,丹波市,23
28224_南あわじ市,755,28224,南あわじ市,24
28225_朝来市,850,28225,朝来市,25
28226_淡路市,734,28226,淡路市,26
28227_宍粟市,778,28227,宍粟市,27
28228_加東市,908,28228,加東市,28
28229_たつの市,904,28229,たつの市,29
28301_猪名川町,641,28301,猪名川町,01
28365_多可町,367,28365,多可町,65
28381_稲美町,1161,28381,稲美町,81
28382_播磨町,1078,28382,播磨町,82
28443_福崎町,1031,28443,福崎町,43
28464_太子町,978,28464,太子町,64
28481_上郡町,488,28481,上郡町,81
28501_佐用町,453,28501,佐用町,01
28585_香美町,450,28585,香美町,85
29201_奈良市,1078,29201,奈良市,01
29202_大和高田市,753,29202,大和高田市,02
29203_大和郡山市,845,29203,大和郡山市,03
29204_天理市,540,29204,天理市,04
29205_橿原市,955,29205,橿原市,05
29206_桜井市,793,29206,桜井市,06
29207_五條市,549,29207,五條市,07
29208_御所市,376,29208,御所市,08
29209_生駒市,1085,29209,生駒市,09
29210_香芝市,987,29210,香芝市,10
29211_葛城市,969,29211,葛城市,11
29212_宇陀市,423,29212,宇陀市,12
29342_平群町,1654,29342,平群町,42
29343_三郷町,804,29343,三郷町,43
29344_斑鳩町,980,29344,斑鳩町,44
29363_田原本町,934,29363,田原本町,63
29424_上牧町,676,29424,上牧町,24
29425_王寺町,880,29425,王寺町,25
29426_広陵町,848,29426,広陵町,26
29427_河合町,1003,29427,河合町,27
29442_大淀町,637,29442,大淀町,42
30201_和歌山市,974,30201,和歌山市,01
30202_海南市,1141,30202,海南市,02
30203_橋本市,785,30203,橋本市,03
30204_有田市,743,30204,有田市,04
30205_御坊市,695,30205,御坊市,05
30206_田辺市,794,30206,田辺市,06
30207_新宮市,750,30207,新宮市,07
30208_紀の川市,801,30208,紀の川市,08
30209_岩出市,978,30209,岩出市,09
30341_かつらぎ町,575,30341,かつらぎ町,41
30366_有田川町,854,30366,有田川町,66
30401_白浜町,651,30401,白浜町,01
30421_那智勝浦町,611,30421,那智勝浦町,21
30428_串本町,577,30428,串本町,28
31201_鳥取市,944,31201,鳥取市,01
31202_米子市,909,31202,米子市,02
31203_倉吉市,768,31203,倉吉市,03
31204_境港市,614,31204,境港市,04
31329_八頭町,433,31329,八頭町,29
31370_湯梨浜町,466,31370,湯梨浜町,70
31371_琴浦町,455,31371,琴浦町,71
31386_大山町,346,31386,大山町,86
32201_松江市,1026,32201,松江市,01
32202_浜田市,732,32202,浜田市,02
32203_出雲市,899,32203,出雲市,03
32204_益田市,638,32204,益田市,04
32205_大田市,672,32205,大田市,05
32206_安来市,597,32206,安来市,06
32207_江津市,661,32207,江津市,07
32209_雲南市,521,32209,雲南市,09
33101_岡山市　北区,1279,33101,岡山市　北区,01
33102_岡山市　中区,1035,33102,岡山市　中区,02
33103_岡山市　東区,852,33103,岡山市　東区,03
33104_岡山市　南区,1000,33104,岡山市　南区,04
33202_倉敷市,973,33202,倉敷市,02
33203_津山市,824,33203,津山市,03
33204_玉野市,692,33204,玉野市,04
33205_笠岡市,778,33205,笠岡市,05
33207_井原市,659,33207,井原市,07
33208_総社市,995,33208,総社市,08
33209_高梁市,798,33209,高梁市,09
33210_新見市,752,33210,新見市,10
33211_備前市,583,33211,備前市,11
33212_瀬戸内市,738,33212,瀬戸内市,12
33213_赤磐市,605,33213,赤磐市,13
33214_真庭市,737,33214,真庭市,14
33215_美作市,554,33215,美作市,15
33216_浅口市,744,33216,浅口市,16
34101_広島市　中区,1367,34101,広島市　中区,01
34102_広島市　東区,1062,34102,広島市　東区,02
34103_広島市　南区,1335,34103,広島市　南区,03
34104_広島市　西区,1172,34104,広島市　西区,04
34105_広島市　安佐南区,1160,34105,広島市　安佐南区,05
34106_広島市　安佐北区,825,34106,広島市　安佐北区,06
34107_広島市　安芸区,1049,34107,広島市　安芸区,07
34108_広島市　佐伯区,1135,34108,広島市　佐伯区,08
34202_呉市,787,34202,呉市,02
34203_竹原市,669,34203,竹原市,03
34204_三原市,905,34204,三原市,04
34205_尾道市,771,34205,尾道市,05
34207_福山市,968,34207,福山市,07
34208_府中市,722,34208,府中市,08
34209_三次市,777,34209,三次市,09
34210_庄原市,806,34210,庄原市,10
34211_大竹市,746,34211,大竹市,11
34212_東広島市,1043,34212,東広島市,12
34213_廿日市市,940,34213,廿日市市,13
34214_安芸高田市,756,34214,安芸高田市,14
34215_江田島市,551,34215,江田島市,15
34302_府中町,1148,34302,府中町,02
34304_海田町,1048,34304,海田町,04
34307_熊野町,578,34307,熊野町,07
34369_北広島町,681,34369,北広島町,69
34462_世羅町,830,34462,世羅町,62
35201_下関市,812,35201,下関市,01
35202_宇部市,804,35202,宇部市,02
35203_山口市,942,35203,山口市,03
35204_萩市,572,35204,萩市,04
35206_防府市,863,35206,防府市,06
35207_下松市,872,35207,下松市,07
35208_岩国市,800,35208,岩国市,08
35210_光市,746,35210,光市,10
35211_長門市,596,35211,長門市,11
35212_柳井市,697,35212,柳井市,12
35213_美祢市,566,35213,美祢市,13
35215_周南市,857,35215,周南市,15
35216_山陽小野田市,739,35216,山陽小野田市,16
35305_周防大島町,333,35305,周防大島町,05
35343_田布施町,570,35343,田布施町,43
36201_徳島市,952,36201,徳島市,01
36202_鳴門市,836,36202,鳴門市,02
36203_小松島市,790,36203,小松島市,03
36204_阿南市,652,36204,阿南市,04
36205_吉野川市,623,36205,吉野川市,05
36206_阿波市,520,36206,阿波市,06
36207_美馬市,447,36207,美馬市,07
36208_三好市,502,36208,三好市,08
36341_石井町,798,36341,石井町,41
36401_松茂町,837,36401,松茂町,01
36402_北島町,934,36402,北島町,02
36403_藍住町,858,36403,藍住町,03
37201_高松市,975,37201,高松市,01
37202_丸亀市,881,37202,丸亀市,02
37203_坂出市,846,37203,坂出市,03
37204_善通寺市,859,37204,善通寺市,04
37205_観音寺市,780,37205,観音寺市,05
37206_さぬき市,851,37206,さぬき市,06
37207_東かがわ市,703,37207,東かがわ市,07
37208_三豊市,709,37208,三豊市,08
37341_三木町,912,37341,三木町,41
37386_宇多津町,991,37386,宇多津町,86
37387_綾川町,662,37387,綾川町,87
37404_多度津町,716,37404,多度津町,04
37406_まんのう町,831,37406,まんのう町,06
38201_松山市,944,38201,松山市,01
38202_今治市,747,38202,今治市,02
38203_宇和島市,815,38203,宇和島市,03
38204_八幡浜市,536,38204,八幡浜市,04
38205_新居浜市,770,38205,新居浜市,05
38206_西条市,728,38206,西条市,06
38207_大洲市,724,38207,大洲市,07
38210_伊予市,580,38210,伊予市,10
38213_四国中央市,773,38213,四国中央市,13
38214_西予市,591,38214,西予市,14
38215_東温市,908,38215,東温市,15
38401_松前町,680,38401,松前町,01
38402_砥部町,743,38402,砥部町,02
38422_内子町,409,38422,内子町,22
38506_愛南町,531,38506,愛南町,06
39201_高知市,961,39201,高知市,01
39202_室戸市,350,39202,室戸市,02
39203_安芸市,532,39203,安芸市,03
39204_南国市,758,39204,南国市,04
39205_土佐市,790,39205,土佐市,05
39206_須崎市,508,39206,須崎市,06
39208_宿毛市,642,39208,宿毛市,08
39209_土佐清水市,454,39209,土佐清水市,09
39210_四万十市,675,39210,四万十市,10
39211_香南市,691,39211,香南市,11
39212_香美市,862,39212,香美市,12
39386_いの町,621,39386,いの町,86
39412_四万十町,337,39412,四万十町,12
40101_北九州市　門司区,703,40101,北九州市　門司区,01
40103_北九州市　若松区,724,40103,北九州市　若松区,03
40105_北九州市　戸畑区,865,40105,北九州市　戸畑区,05
40106_北九州市　小倉北区,1040,40106,北九州市　小倉北区,06
40107_北九州市　小倉南区,939,40107,北九州市　小倉南区,07
40108_北九州市　八幡東区,847,40108,北九州市　八幡東区,08
40109_北九州市　八幡西区,860,40109,北九州市　八幡西区,09
40130_福岡市,1240,40130,福岡市,30
40131_福岡市　東区,1079,40131,福岡市　東区,31
40132_福岡市　博多区,1339,40132,福岡市　博多区,32
40133_福岡市　中央区,1524,40133,福岡市　中央区,33
40134_福岡市　南区,1156,40134,福岡市　南区,34
40135_福岡市　西区,1100,40135,福岡市　西区,35
40136_福岡市　城南区,1178,40136,福岡市　城南区,36
40137_福岡市　早良区,1155,40137,福岡市　早良区,37
40202_大牟田市,758,40202,大牟田市,02
40203_久留米市,940,40203,久留米市,03
40204_直方市,740,40204,直方市,04
40205_飯塚市,820,40205,飯塚市,05
40206_田川市,553,40206,田川市,06
40207_柳川市,782,40207,柳川市,07
40210_八女市,755,40210,八女市,10
40211_筑後市,873,40211,筑後市,11
40212_大川市,818,40212,大川市,12
40213_行橋市,848,40213,行橋市,13
40214_豊前市,681,40214,豊前市,14
40215_中間市,689,40215,中間市,15
40216_小郡市,990,40216,小郡市,16
40217_筑紫野市,1005,40217,筑紫野市,17
40218_春日市,994,40218,春日市,18
40219_大野城市,1068,40219,大野城市,19
40220_宗像市,1012,40220,宗像市,20
40221_太宰府市,1016,40221,太宰府市,21
40223_古賀市,1002,40223,古賀市,23
40224_福津市,934,40224,福津市,24
40225_うきは市,710,40225,うきは市,25
40226_宮若市,565,40226,宮若市,26
40227_嘉麻市,383,40227,嘉麻市,27
40228_朝倉市,699,40228,朝倉市,28
40229_みやま市,626,40229,みやま市,29
40230_糸島市,918,40230,糸島市,30
40231_那珂川市,989,40231,那珂川市,31
40341_宇美町,910,40341,宇美町,41
40342_篠栗町,978,40342,篠栗町,42
40343_志免町,1043,40343,志免町,43
40344_須恵町,928,40344,須恵町,44
40345_新宮町,1062,40345,新宮町,45
40349_粕屋町,1101,40349,粕屋町,49
40382_水巻町,669,40382,水巻町,82
40383_岡垣町,642,40383,岡垣町,83
40384_遠賀町,743,40384,遠賀町,84
40402_鞍手町,483,40402,鞍手町,02
40447_筑前町,886,40447,筑前町,47
40503_大刀洗町,888,40503,大刀洗町,03
40544_広川町,783,40544,広川町,44
40605_川崎町,360,40605,川崎町,05
40610_福智町,370,40610,福智町,10
40621_苅田町,826,40621,苅田町,21
40625_みやこ町,459,40625,みやこ町,25
40647_築上町,397,40647,築上町,47
41201_佐賀市,901,41201,佐賀市,01
41202_唐津市,736,41202,唐津市,02
41203_鳥栖市,942,41203,鳥栖市,03
41204_多久市,615,41204,多久市,04
41205_伊万里市,714,41205,伊万里市,05
41206_武雄市,704,41206,武雄市,06
41207_鹿島市,732,41207,鹿島市,07
41208_小城市,762,41208,小城市,08
41209_嬉野市,790,41209,嬉野市,09
41210_神埼市,727,41210,神埼市,10
41327_吉野ヶ里町,730,41327,吉野ヶ里町,27
41341_基山町,882,41341,基山町,41
41346_みやき町,869,41346,みやき町,46
41401_有田町,576,41401,有田町,01
41425_白石町,475,41425,白石町,25
42201_長崎市,962,42201,長崎市,01
42202_佐世保市,853,42202,佐世保市,02
42203_島原市,640,42203,島原市,03
42204_諫早市,908,42204,諫早市,04
42205_大村市,829,42205,大村市,05
42207_平戸市,548,42207,平戸市,07
42208_松浦市,547,42208,松浦市,08
42209_対馬市,525,42209,対馬市,09
42210_壱岐市,532,42210,壱岐市,10
42211_五島市,509,42211,五島市,11
42212_西海市,379,42212,西海市,12
42213_雲仙市,658,42213,雲仙市,13
42214_南島原市,458,42214,南島原市,14
42307_長与町,918,42307,長与町,07
42308_時津町,1043,42308,時津町,08
42411_新上五島町,352,42411,新上五島町,11
43101_熊本市　中央区,1068,43101,熊本市　中央区,01
43102_熊本市　東区,905,43102,熊本市　東区,02
43103_熊本市　西区,911,43103,熊本市　西区,03
43104_熊本市　南区,919,43104,熊本市　南区,04
43105_熊本市　北区,802,43105,熊本市　北区,05
43202_八代市,749,43202,八代市,02
43203_人吉市,660,43203,人吉市,03
43204_荒尾市,718,43204,荒尾市,04
43205_水俣市,502,43205,水俣市,05
43206_玉名市,775,43206,玉名市,06
43208_山鹿市,626,43208,山鹿市,08
43210_菊池市,687,43210,菊池市,10
43211_宇土市,812,43211,宇土市,11
43212_上天草市,494,43212,上天草市,12
43213_宇城市,752,43213,宇城市,13
43214_阿蘇市,626,43214,阿蘇市,14
43215_天草市,561,43215,天草市,15
43216_合志市,906,43216,合志市,16
43368_長洲町,655,43368,長洲町,68
43403_大津町,913,43403,大津町,03
43404_菊陽町,960,43404,菊陽町,04
43441_御船町,594,43441,御船町,41
43443_益城町,873,43443,益城町,43
43447_山都町,407,43447,山都町,47
43482_芦北町,552,43482,芦北町,82
43514_あさぎり町,492,43514,あさぎり町,14
44201_大分市,945,44201,大分市,01
44202_別府市,916,44202,別府市,02
44203_中津市,801,44203,中津市,03
44204_日田市,758,44204,日田市,04
44205_佐伯市,634,44205,佐伯市,05
44206_臼杵市,640,44206,臼杵市,06
44207_津久見市,518,44207,津久見市,07
44208_竹田市,516,44208,竹田市,08
44209_豊後高田市,615,44209,豊後高田市,09
44210_杵築市,699,44210,杵築市,10
44211_宇佐市,666,44211,宇佐市,11
44212_豊後大野市,638,44212,豊後大野市,12
44213_由布市,864,44213,由布市,13
44214_国東市,558,44214,国東市,14
44341_日出町,792,44341,日出町,41
44462_玖珠町,707,44462,玖珠町,62
45201_宮崎市,909,45201,宮崎市,01
45202_都城市,726,45202,都城市,02
45203_延岡市,765,45203,延岡市,03
45204_日南市,644,45204,日南市,04
45205_小林市,640,45205,小林市,05
45206_日向市,693,45206,日向市,06
45207_串間市,558,45207,串間市,07
45208_西都市,546,45208,西都市,08
45209_えびの市,434,45209,えびの市,09
45341_三股町,566,45341,三股町,41
45382_国富町,621,45382,国富町,82
45401_高鍋町,575,45401,高鍋町,01
45402_新富町,493,45402,新富町,02
45405_川南町,494,45405,川南町,05
45421_門川町,612,45421,門川町,21
46201_鹿児島市,1049,46201,鹿児島市,01
46203_鹿屋市,726,46203,鹿屋市,03
46204_枕崎市,518,46204,枕崎市,04
46206_阿久根市,513,46206,阿久根市,06
46208_出水市,557,46208,出水市,08
46210_指宿市,594,46210,指宿市,10
46213_西之表市,434,46213,西之表市,13
46214_垂水市,490,46214,垂水市,14
46215_薩摩川内市,727,46215,薩摩川内市,15
46216_日置市,609,46216,日置市,16
46217_曽於市,396,46217,曽於市,17
46218_霧島市,607,46218,霧島市,18
46219_いちき串木野市,530,46219,いちき串木野市,19
46220_南さつま市,582,46220,南さつま市,20
46221_志布志市,603,46221,志布志市,21
46222_奄美市,608,46222,奄美市,22
46223_南九州市,482,46223,南九州市,23
46224_伊佐市,427,46224,伊佐市,24
46225_姶良市,731,46225,姶良市,25
46392_さつま町,430,46392,さつま町,92
46492_肝付町,365,46492,肝付町,92
47201_那覇市,1135,47201,那覇市,01
47205_宜野湾市,1099,47205,宜野湾市,05
47207_石垣市,973,47207,石垣市,07
47208_浦添市,1023,47208,浦添市,08
47209_名護市,855,47209,名護市,09
47210_糸満市,888,47210,糸満市,10
47211_沖縄市,887,47211,沖縄市,11
47212_豊見城市,1004,47212,豊見城市,12
47213_うるま市,907,47213,うるま市,13
47214_宮古島市,716,47214,宮古島市,14
47215_南城市,860,47215,南城市,15
47324_読谷村,934,47324,読谷村,24
47326_北谷町,975,47326,北谷町,26
47327_北中城村,913,47327,北中城村,27
47328_中城村,1196,47328,中城村,28
47329_西原町,1038,47329,西原町,29
47348_与那原町,1021,47348,与那原町,48
47350_南風原町,1110,47350,南風原町,50
47362_八重瀬町,980,47362,八重瀬町,62
